Image,Disease %,Contrast,Correlation,Energy,Homogeneity,ASM,Dissimilarity
1.JPG,3.672804627,176.346875,0.7259569692,0.9688577014,0.9697426896,0.9386852456,1.796354167
10.JPG,0.1711371892,7.136121324,0.5639444959,0.9989123833,0.9989776011,0.9978259496,0.06602328431
100.JPG,21.56966224,616.81106,0.7922674751,0.8341655533,0.8387504381,0.6958321702,7.529074755
101.JPG,19.47871003,600.5970895,0.8180440929,0.8444433913,0.850462776,0.7130846411,6.804932598
102.JPG,3.388020049,185.9289522,0.731079422,0.9628375366,0.9635997198,0.9270561219,2.031372549
103.JPG,12.16934824,327.7479473,0.8658679376,0.9123632915,0.9156979288,0.8324067757,3.75713848
104.JPG,4.067018718,251.8595282,0.7460530379,0.9550866839,0.9566405163,0.9121905737,2.485569853
105.JPG,16.5307833,437.3497243,0.8546820543,0.8880530926,0.8928028205,0.7886382952,4.619730392
106.JPG,13.4357855,502.6550551,0.8478914267,0.8542609574,0.859219361,0.7297617834,5.995526961
107.JPG,1.908953451,106.2838848,0.6667977659,0.980086091,0.9805396998,0.9605687458,1.172977941
108.JPG,4.008538041,172.0075368,0.6805471796,0.9670808377,0.9677170493,0.9352453467,1.897120098
109.JPG,13.40220726,454.6710478,0.8022804365,0.8780053817,0.8819368515,0.7708934503,5.445741422
11.JPG,95.7736878,1030.702022,0.8831483136,0.5395609755,0.5666921414,0.2911260463,13.61354167
110.JPG,2.947681666,147.0792586,0.6043339767,0.978401137,0.9788145309,0.9572687849,1.45536152
111.JPG,8.079615174,236.7128983,0.8510119931,0.9267475412,0.9306981466,0.8588610051,2.810018382
112.JPG,32.69783483,769.6552083,0.7620505429,0.7594797754,0.7674607228,0.5768095292,9.951286765
113.JPG,0.006595218467,0.08164828431,-2.58E-05,0.999938726,0.9999388234,0.9998774557,0.002052696078
114.JPG,17.90506052,470.4320619,0.8571015706,0.8812517992,0.8861301916,0.7766047336,5.023207721
115.JPG,8.16035816,277.8044424,0.7611417205,0.9376696293,0.9393464906,0.8792243336,3.101960784
116.JPG,16.39776288,535.8309436,0.8218313409,0.8353438714,0.8410048948,0.6977993835,6.80658701
117.JPG,14.22536923,350.5808517,0.8064850558,0.8537585674,0.8621131006,0.7289036914,4.956740196
118.JPG,21.14426556,441.0919424,0.7768135748,0.8717407336,0.8752813669,0.7599319066,5.740625
119.JPG,0.07341604875,2.447640931,0.1637079545,0.9994332161,0.9994364536,0.9988667535,0.03495710784
12.JPG,9.941794709,416.223223,0.820097935,0.9004461087,0.9033976201,0.8108031947,4.68560049
120.JPG,5.297913853,305.6365502,0.7670772172,0.940105264,0.9417471759,0.8837979073,3.244883578
121.JPG,3.919884758,210.3093444,0.7654938201,0.9534472399,0.9547124912,0.9090616393,2.382659314
122.JPG,3.355603708,225.1959559,0.6797322195,0.9664220963,0.9668882922,0.9339716683,2.214644608
123.JPG,2.825983347,227.9724265,0.6916385534,0.9645533826,0.9653507922,0.9303632279,2.221139706
124.JPG,82.24047065,1050.554412,0.8881431493,0.5615943483,0.5775987624,0.315388212,15.13964461
125.JPG,16.04754302,866.3437194,0.7224589382,0.8484133113,0.8526740189,0.7198051468,8.603553922
126.JPG,8.391567326,277.0322917,0.7972009017,0.9328134942,0.9346046313,0.870141015,3.252971814
127.JPG,4.429999141,249.4343137,0.8092784422,0.9692251803,0.9704002791,0.9393974501,1.926930147
128.JPG,76.04354043,878.430239,0.9218449553,0.7111922379,0.731539584,0.5057943992,8.996446078
129.JPG,12.16834058,518.2289522,0.7794738114,0.8935228627,0.8967993618,0.7983831062,5.460294118
13.JPG,1.83980123,133.2438725,0.6360437244,0.9777423821,0.9781513318,0.9559801658,1.389154412
130.JPG,16.23560445,695.5714154,0.7817137983,0.8314091975,0.8362347405,0.6912412536,7.933394608
131.JPG,10.93573071,309.5954657,0.7752613886,0.9285095531,0.9317578758,0.8621299903,3.340349265
132.JPG,17.31566128,603.0272978,0.8319093389,0.8735015166,0.8792264234,0.7630048994,5.785569853
133.JPG,12.60115997,360.9306679,0.8536200071,0.9038615656,0.9068854596,0.8169657298,4.220741422
134.JPG,0.03298054148,4.079197304,0.1094146483,0.9996936294,0.9996936636,0.9993873528,0.03422181373
135.JPG,46.80338375,971.0998162,0.8627109077,0.7738564228,0.7824159967,0.5988537632,9.687469363
136.JPG,92.42655348,803.4776348,0.8926252527,0.7202584328,0.7324347223,0.51877221,9.831862745
137.JPG,63.53707415,549.6138787,0.8701723281,0.8699781046,0.8784768038,0.7568619026,5.093045343
138.JPG,4.107977489,230.5076287,0.7468236182,0.9587781621,0.9596417306,0.9192555641,2.358026961
139.JPG,12.19939048,513.2554228,0.7676065035,0.8678192953,0.8718615415,0.7531103293,6.20067402
14.JPG,57.75754672,949.0680147,0.8673311052,0.5960831642,0.6197934642,0.3553151386,12.98655025
140.JPG,14.3730172,530.9327206,0.807751598,0.8613087645,0.8654386013,0.7418527879,6.305729167
141.JPG,0.05194299257,1.919393382,0.2635835243,0.9995710815,0.999571217,0.9991423469,0.0275122549
142.JPG,5.829177966,259.5437194,0.7152840077,0.9447774904,0.9460294508,0.8926045063,2.960661765
143.JPG,62.3509842,632.8420343,0.9064381591,0.7592271426,0.772529639,0.5764258541,7.634191176
144.JPG,9.380514243,291.7875306,0.8275593769,0.9182921355,0.9221652148,0.8432604462,3.466329657
145.JPG,32.69160249,833.9654718,0.8660114096,0.8285121998,0.8373608557,0.6864324652,7.6171875
146.JPG,0.5596657339,6.137071078,0.7685143428,0.9968597132,0.9970114266,0.9937292877,0.1027267157
147.JPG,7.165026938,301.848652,0.8037394371,0.9441032565,0.9457535036,0.891330959,3.004258578
148.JPG,10.29243312,355.2338542,0.7973551375,0.912915155,0.9160430035,0.8334140803,3.965992647
149.JPG,2.799626716,108.8292279,0.749959323,0.9731161824,0.9739220926,0.9469551045,1.270680147
15.JPG,6.349945661,245.6219056,0.809305475,0.9430765762,0.9453364379,0.8893934286,2.593964461
150.JPG,0.08646467558,3.617340686,0.4841558439,0.9994025779,0.9994144419,0.9988055128,0.03789828431
151.JPG,15.75711247,436.4795343,0.7922692772,0.8678507893,0.8728879544,0.7531649925,5.452757353
152.JPG,5.339049104,304.8911152,0.7718978106,0.9393852521,0.9413484979,0.8824446518,3.18057598
153.JPG,67.10580275,1507.72644,0.8474084797,0.5935661263,0.6096270382,0.3523207462,16.95346201
154.JPG,71.00214081,1075.162132,0.9132967814,0.6593705801,0.6787677766,0.4347695619,11.69178922
155.JPG,12.34669624,422.2098346,0.8074314917,0.8919138241,0.8954833082,0.7955102696,4.926041667
156.JPG,52.35871648,714.5602022,0.8499847426,0.8093336756,0.8201987033,0.6550209985,7.273743873
157.JPG,80.60995034,831.5912377,0.921016939,0.6481292867,0.6694356901,0.4200715722,10.4036152
158.JPG,16.86478455,475.1864583,0.8112966289,0.8639891191,0.8681282753,0.7464771979,5.919117647
159.JPG,2.467263956,157.7724571,0.666168167,0.9753833863,0.975919778,0.9513727502,1.585447304
16.JPG,66.40926641,712.7511642,0.8976218335,0.7083144945,0.7345802657,0.5017094231,7.996323529
160.JPG,9.790809941,327.6478248,0.7974492612,0.9201607791,0.923659308,0.8466958594,3.549908088
161.JPG,94.49430311,816.2758885,0.9468794639,0.5436861596,0.5755449164,0.2955946401,11.13226103
162.JPG,5.848608282,219.5337316,0.7516628611,0.9516552851,0.9531191064,0.9056477816,2.455759804
163.JPG,12.80550421,451.166299,0.7336510289,0.8853449171,0.8884018396,0.7838356223,5.538694853
164.JPG,70.2654045,938.2773897,0.8682540714,0.5922013638,0.6093112645,0.3507024553,13.45854779
165.JPG,6.082568,347.7559436,0.7231705845,0.9252166745,0.9278164936,0.8560258948,3.842892157
166.JPG,0.08867868756,2.744761029,0.3745686234,0.9992187559,0.9992210764,0.9984381222,0.03927696078
167.JPG,14.18179702,593.7317708,0.788121052,0.8445206546,0.8505401045,0.713215136,6.883884804
168.JPG,12.07408915,419.1688419,0.807967678,0.8947783719,0.8979019441,0.8006283349,4.888449755
169.JPG,15.27023532,467.5622549,0.8354297522,0.8755226828,0.8803638295,0.766539968,5.239920343
17.JPG,49.20486895,838.9095588,0.8690522059,0.8073271135,0.8212900187,0.6517770683,7.567738971
170.JPG,33.97880539,630.1168505,0.8424615435,0.8557628725,0.8615267347,0.7323300939,6.459865196
171.JPG,3.250396735,168.6721201,0.6776351726,0.9687660005,0.9695709272,0.9385075637,1.835661765
172.JPG,2.16408784,135.2759804,0.713824409,0.9735144303,0.9740161932,0.947730346,1.517555147
173.JPG,19.42252755,651.877788,0.7965362882,0.8324032504,0.8372131402,0.6928951713,7.660539216
174.JPG,6.440259339,248.927788,0.800441004,0.9409628661,0.942988261,0.8854111154,2.738878676
175.JPG,7.355546183,165.5416667,0.8199846387,0.9232246697,0.9271778644,0.8523437907,2.523743873
176.JPG,9.037023527,338.1808211,0.8319558296,0.9361068781,0.9387994983,0.8762960872,3.12745098
177.JPG,17.18513647,620.6343597,0.7683770762,0.8560104413,0.860604549,0.7327538756,6.911963848
178.JPG,67.61466506,772.3522212,0.9094009246,0.6743149134,0.709159602,0.4547006025,9.059849877
179.JPG,7.724500777,379.7768689,0.7093585706,0.9153368097,0.9179533565,0.8378414753,4.351286765
18.JPG,2.818009222,97.11173407,0.6772810906,0.969961039,0.9711811776,0.9408244172,1.321905637
180.JPG,5.090850097,274.155913,0.8076572504,0.9509655855,0.952283937,0.9043355448,2.650245098
181.JPG,8.803533035,240.0931679,0.8497060017,0.9177402925,0.922077149,0.8422472445,3.024264706
182.JPG,3.954879043,180.8697304,0.6627325714,0.9584417658,0.9594439986,0.9186106184,2.184926471
183.JPG,92.32388505,1016.852727,0.8904370061,0.6162843749,0.6382831441,0.3798064308,12.21697304
184.JPG,13.81058478,541.0877145,0.8113783109,0.8599756098,0.8650534333,0.7395580494,6.180698529
185.JPG,17.8430877,264.7288297,0.8273946287,0.8910874848,0.8961564109,0.7940369055,3.732598039
186.JPG,28.47879425,565.1161152,0.8643886199,0.8523773011,0.8573733842,0.7265470635,6.566390931
187.JPG,3.607166397,140.6591912,0.7584708109,0.9731926835,0.9738521707,0.9471039993,1.457199755
188.JPG,44.12361546,671.236152,0.9094004809,0.7329581587,0.7493805262,0.5372276624,8.145802696
189.JPG,98.36285097,873.5025735,0.9338257359,0.5262529575,0.5605654146,0.2769421753,11.88468137
19.JPG,20.77608767,579.9148284,0.7791083468,0.8619680381,0.8657254514,0.7429888988,6.749816176
190.JPG,12.16523372,305.4843137,0.8735490254,0.8993578502,0.9031346465,0.8088445427,3.82879902
191.JPG,10.63150048,378.8829963,0.834300896,0.8998491517,0.9041897821,0.8097284957,4.253308824
192.JPG,2.080055384,100.7882659,0.5925918349,0.9807448383,0.9811368273,0.9618604379,1.15278799
193.JPG,16.34726642,456.8551164,0.7928542848,0.8716637615,0.8754247358,0.7597977132,5.697120098
194.JPG,28.25508575,690.2198836,0.8542440071,0.7528711629,0.7635215893,0.566814988,8.904932598
195.JPG,12.07035662,420.3603554,0.7650033587,0.8862323969,0.8901897307,0.7854078614,5.038848039
196.JPG,2.587733936,127.1319547,0.6743059412,0.9732234566,0.9739789343,0.9471638966,1.451102941
197.JPG,66.470611,894.7476103,0.9084012841,0.6739077376,0.6908292323,0.4541516388,10.71632966
198.JPG,14.64949616,498.0289828,0.806790947,0.8790932916,0.8829791026,0.7728050154,5.610692402
199.JPG,5.745466663,264.9355699,0.7100218747,0.9445632055,0.9459180892,0.8921996492,2.987071078
2.JPG,16.03290746,608.2122243,0.7825555048,0.8649389885,0.8690579329,0.7481194538,6.65713848
20.JPG,11.04688701,482.5725184,0.7908168552,0.9016412867,0.9045542089,0.8129570098,5.069577206
200.JPG,2.819220345,146.6409926,0.7433612606,0.9667131099,0.9676778415,0.9345342368,1.694914216
201.JPG,99.14295061,820.1921875,0.9104916937,0.456676632,0.4853268242,0.2085535462,14.3986826
202.JPG,3.989165878,203.3723346,0.749272747,0.9652272365,0.9665002896,0.9316636181,1.96026348
203.JPG,21.19819058,849.6158088,0.8093900231,0.7863409944,0.7921847182,0.6183321594,10.01783088
204.JPG,31.84314437,610.8238664,0.847847289,0.836952366,0.8438598385,0.700489263,6.886427696
205.JPG,12.60910967,402.5647365,0.8309885208,0.9126389568,0.9156197739,0.8329098655,4.168259804
206.JPG,10.4404472,357.8773897,0.8375082424,0.9042142585,0.9078921501,0.8176034253,4.099448529
207.JPG,14.98332539,593.3074449,0.7844846077,0.8524698508,0.8563269182,0.7267048465,6.992003676
208.JPG,2.881596873,142.7762255,0.6677358047,0.9731928797,0.9737378278,0.9471043812,1.554595588
209.JPG,0.5356492797,51.09641544,0.62911468,0.9946691643,0.9947914424,0.9893667464,0.4107843137
21.JPG,3.305640066,219.5758272,0.7152641255,0.9679540127,0.969038947,0.9369349706,2.03125
210.JPG,38.79206731,675.1383272,0.8491200042,0.6728674083,0.687753884,0.4527505492,10.07588848
211.JPG,8.6780933,305.8887561,0.7750457219,0.9232248118,0.9252998277,0.8523440531,3.667493873
212.JPG,8.939747208,323.4887868,0.827928992,0.937485466,0.9396024149,0.8788789989,3.089093137
213.JPG,7.520519183,384.741973,0.7397638561,0.9308683318,0.9325049866,0.8665158512,3.925704657
214.JPG,75.93743304,930.9920956,0.9225255357,0.6930266292,0.7125702187,0.4802859088,9.610569853
215.JPG,8.716275315,298.9783088,0.8256769322,0.9205437088,0.9238177831,0.8474007199,3.430116422
216.JPG,0.2143039918,3.023560049,0.4842118407,0.9983302897,0.9983732085,0.9966633673,0.05520833333
217.JPG,2.894729132,167.8946998,0.6462113165,0.9714159242,0.9720128456,0.9436488979,1.742034314
218.JPG,2.25609231,119.156587,0.6440099098,0.9755213156,0.9760757567,0.9516418373,1.385140931
219.JPG,48.41746615,803.3171875,0.8542644163,0.7625215574,0.774933536,0.5814391256,9.054105392
22.JPG,98.57435071,947.3460172,0.9347070527,0.4564627766,0.5041019159,0.2083582665,12.09420956
220.JPG,2.246900826,112.1916973,0.773118525,0.9771142251,0.9779239509,0.9547522089,1.177542892
221.JPG,2.846098924,215.4849571,0.7865433259,0.9593602624,0.9604671789,0.920372113,2.189920343
222.JPG,4.469936709,200.3153186,0.816246913,0.9719058722,0.9728597349,0.9446010245,1.648131127
223.JPG,2.222968956,169.7234069,0.6433291691,0.9692869062,0.9699294189,0.9395171064,1.853615196
224.JPG,19.01341502,562.5445466,0.8399017783,0.8338123251,0.8408648227,0.6952429935,6.687745098
225.JPG,3.543077282,104.0502757,0.7476452818,0.9739433411,0.9750243068,0.9485656317,1.208026961
226.JPG,4.025417798,203.2762408,0.6857988238,0.9573386883,0.9584305931,0.9164973642,2.326547181
227.JPG,5.618125362,295.8007966,0.749440436,0.9429544012,0.9445221458,0.8891630028,3.059007353
228.JPG,41.22292888,789.5439645,0.8722976299,0.7963126963,0.8073469751,0.6341139102,7.86528799
229.JPG,14.75206612,489.2023591,0.8043688567,0.8944569155,0.8976249888,0.8000531737,5.404442402
23.JPG,18.98240042,703.6681066,0.8190562366,0.8229067327,0.8290494849,0.6771754907,7.942034314
230.JPG,16.0261504,488.7004596,0.813695443,0.8528531382,0.8578211832,0.7273584753,6.05401348
231.JPG,2.055394747,105.5059743,0.6712500267,0.9789832104,0.9798186761,0.9584081263,1.15379902
232.JPG,72.09577616,1188.222059,0.875279414,0.6732183738,0.6896970891,0.4532229788,12.29108456
233.JPG,1.140208707,72.45401348,0.6804964092,0.9893996148,0.9896191229,0.9789115978,0.7066789216
234.JPG,4.185516332,169.4303309,0.7385293753,0.966958139,0.9676524566,0.9350080426,1.849785539
235.JPG,57.87261,1124.180699,0.8472625372,0.7712988144,0.7789289869,0.5949018612,10.9596201
236.JPG,89.22247148,1220.292862,0.8777531162,0.5773615022,0.5978865241,0.3333463042,14.67199755
237.JPG,9.775444403,417.9764859,0.7753104261,0.9264572164,0.9303800866,0.8583229738,3.884053309
238.JPG,1.822662628,116.4339767,0.6354222891,0.9795193053,0.9798987852,0.9594580694,1.251531863
239.JPG,22.42812,332.6341299,0.8722787656,0.8707283471,0.8767160705,0.7581678545,4.440502451
24.JPG,87.58980615,643.4897978,0.926700809,0.5194027706,0.5457738526,0.2697792381,11.87264093
240.JPG,3.419574114,203.8211703,0.6565838407,0.9706346941,0.9710975277,0.9421317094,1.98348652
241.JPG,0,0,1,1,1,1,0
242.JPG,2.237021858,140.3265012,0.7340344558,0.9753219706,0.9759662573,0.9512529464,1.451593137
243.JPG,2.013752456,97.61066176,0.670602614,0.9826442245,0.9830551845,0.9655896719,1.052604167
244.JPG,61.81160084,788.8463542,0.8986943695,0.7279027511,0.7439810974,0.529842415,8.929840686
245.JPG,3.307880709,193.2941176,0.7337036719,0.9649822754,0.9664237553,0.9311907919,1.935692402
246.JPG,8.561725453,356.3238664,0.8219252707,0.8836418547,0.8881454499,0.7808229274,4.498314951
247.JPG,3.190715884,132.0439951,0.7616911289,0.9711860315,0.9722606747,0.9432023078,1.430116422
248.JPG,1.922101347,61.37359069,0.7101977511,0.9823991442,0.9829004414,0.9651080786,0.790870098
249.JPG,12.02440001,476.2613971,0.783960241,0.8681100374,0.8723570919,0.7536150371,5.928982843
25.JPG,16.2900699,596.2259344,0.7928688026,0.8558553749,0.8599090087,0.7324884228,6.762576593
250.JPG,18.18738768,682.8493566,0.8451389746,0.8106961421,0.8168611493,0.6572282348,8.188480392
251.JPG,41.3129577,821.9415748,0.8756665039,0.7417194694,0.7522900267,0.5501477713,9.990042892
252.JPG,6.500814453,381.5961091,0.7492919962,0.9104502539,0.9127737493,0.8289196648,4.448590686
253.JPG,9.020345358,301.9752757,0.8097910278,0.9175411471,0.9201208773,0.8418817567,3.658118873
254.JPG,1.70518426,81.56035539,0.7327184726,0.9849266272,0.9853818623,0.970080461,0.8390625
255.JPG,5.270818172,347.9330576,0.6963054966,0.938987908,0.9407400853,0.8816982914,3.541115196
256.JPG,81.17190388,898.596875,0.9148036573,0.5661944719,0.5909159199,0.32057618,12.30327819
257.JPG,7.055909224,394.1756127,0.810692009,0.9285090566,0.9314863805,0.8621290682,3.668137255
258.JPG,5.037790783,241.9721507,0.7705490158,0.9478561094,0.949331784,0.8984312042,2.625857843
259.JPG,0.0432324576,1.335539216,0.2503427721,0.9996476753,0.999663133,0.9992954748,0.02015931373
26.JPG,2.96756195,171.0978248,0.6911551677,0.9677854874,0.9687254475,0.9366087496,1.770618873
260.JPG,1.432126476,85.67714461,0.7099807682,0.9839922326,0.9845728157,0.9682407138,0.879932598
261.JPG,15.63053851,615.1039216,0.7532962318,0.8578643737,0.8624683685,0.7359312837,6.951654412
262.JPG,0.6912442396,23.80027574,0.3142736545,0.9937961513,0.9938293809,0.9876307904,0.3512561275
263.JPG,1.556336705,106.726685,0.557533109,0.9806989705,0.9812406344,0.9617704708,1.174019608
264.JPG,22.02969539,881.2186275,0.8277633298,0.8289871311,0.8347109362,0.6872196635,8.424080882
265.JPG,4.489300684,368.1461397,0.7319944197,0.9465699412,0.9479973476,0.8959946536,3.409650735
266.JPG,42.48855132,547.5116728,0.8436295762,0.8311006204,0.8364835501,0.6907282413,7.007383578
267.JPG,7.947680039,219.7913297,0.7948968691,0.9301943971,0.9335485385,0.8652616165,2.770772059
268.JPG,16.78970343,683.9604167,0.7689088542,0.8343818613,0.8399372151,0.6961930905,7.792310049
269.JPG,6.48633917,218.4459865,0.7927374449,0.9532940202,0.9547305859,0.9087694889,2.340196078
27.JPG,41.25143856,501.0465993,0.8878988267,0.7890830629,0.799114811,0.6226520802,6.85971201
270.JPG,2.3776812,265.3179994,0.6325021384,0.968046143,0.9685954073,0.937113335,2.385768995
271.JPG,6.363636364,283.5638787,0.7867282713,0.9491122127,0.950641194,0.9008139923,2.718995098
272.JPG,15.20717501,440.2168199,0.8066453445,0.8337212694,0.8398315839,0.695091155,6.250949755
273.JPG,3.556222624,186.9870404,0.7078202936,0.9640938805,0.9651019658,0.9294770105,2.016666667
274.JPG,0.08635844925,2.348560049,0.4540020887,0.999310668,0.9993317277,0.9986218112,0.0349877451
275.JPG,13.75706699,355.0887561,0.9105840193,0.8449008266,0.8518971192,0.7138574069,5.057383578
276.JPG,0.5488663467,12.9674326,0.7131778511,0.9956342575,0.9958069079,0.9912875748,0.1695772059
277.JPG,1.903712546,89.07196691,0.4645992411,0.9787845587,0.9793277069,0.9580192123,1.170772059
278.JPG,6.556354444,281.1415748,0.7441996069,0.9355561846,0.9371931965,0.8752653745,3.340502451
279.JPG,44.96607033,532.5266544,0.8550045509,0.8493134441,0.8540198902,0.7213333262,6.576286765
28.JPG,44.02594978,921.9938419,0.8554302524,0.8005095565,0.8091263631,0.6408155501,8.711979167
280.JPG,20.26624406,595.6028493,0.8392120686,0.8507686064,0.8547575198,0.7238072216,6.94286152
281.JPG,4.632525916,175.3987132,0.7672397426,0.9543817478,0.9563391782,0.9108445205,2.002022059
282.JPG,53.01076152,724.2480852,0.8835866631,0.7452750716,0.7611535177,0.5554349323,8.525076593
283.JPG,13.926251,334.7426777,0.9103114597,0.8731334041,0.8815575883,0.7623619413,3.948682598
284.JPG,0.7473290879,71.90968137,0.4475493275,0.9901350215,0.9903137517,0.9803673608,0.743872549
285.JPG,7.11231217,490.9810662,0.7742676208,0.9007535086,0.9042522299,0.8113568832,5.065196078
286.JPG,0.06320890543,9.739215686,0.08856778005,0.9994638524,0.9994648141,0.9989279923,0.06531862745
287.JPG,15.52460121,656.0852022,0.7613689131,0.8612193136,0.8656289429,0.7416987061,6.995894608
288.JPG,5.32165103,402.9331189,0.7647797326,0.9479022888,0.9495488172,0.898518749,3.331403186
289.JPG,0.3921796473,13.66632966,0.7588997941,0.9972579851,0.9973729067,0.9945234888,0.1483455882
29.JPG,4.828694121,246.1199142,0.7272934467,0.9533555993,0.9550670962,0.9088868987,2.507843137
290.JPG,2.467554645,147.9393076,0.7234259747,0.9733153972,0.9740246473,0.9473428624,1.518290441
291.JPG,0.9856988206,63.61501225,0.7561681821,0.9894915094,0.9899787562,0.9790934472,0.6008884804
292.JPG,9.627329193,378.1894914,0.7500871744,0.9111085692,0.9133267614,0.8301188248,4.490563725
293.JPG,18.94803998,452.7449755,0.85533653,0.8562372159,0.8623785807,0.7331421699,5.57745098
294.JPG,83.04983942,656.5136642,0.937798695,0.6198583863,0.6505074546,0.384224419,9.148529412
295.JPG,0.3955116749,5.004136029,0.2258458628,0.9965074634,0.9966317876,0.9930271246,0.09390318627
296.JPG,3.837439413,204.2006434,0.7322951076,0.9585024646,0.9596372992,0.9187269747,2.245343137
297.JPG,6.205481106,313.420098,0.7242506108,0.928586837,0.930562608,0.8622735138,3.651317402
298.JPG,0.06183017312,1.546017157,0.493802537,0.9995557623,0.9995563652,0.999111722,0.0228247549
299.JPG,6.775411864,364.4563725,0.7385061764,0.9331968844,0.9346357497,0.870856425,3.843719363
3.JPG,0.2986106745,9.523927696,0.2310885334,0.9972886378,0.9973123141,0.994584627,0.1350183824
30.JPG,0.07407407407,1.581770833,0.7650226589,0.9994944877,0.9995263553,0.9989892309,0.02199754902
300.JPG,3.334593133,167.1943627,0.7315044298,0.9640783964,0.9649169222,0.9294471544,1.947579657
301.JPG,5.030871976,270.5797181,0.7067201326,0.9588855807,0.9598654661,0.9194615568,2.584803922
302.JPG,5.967894799,271.9273897,0.7711886566,0.9422189662,0.9439133175,0.8877765803,2.924172794
303.JPG,75.96631238,830.5106924,0.9148046662,0.6057162894,0.6390989605,0.3668922232,10.31335784
304.JPG,10.70747842,291.4947917,0.9179616785,0.8705598865,0.880964525,0.7578745159,3.630147059
305.JPG,21.17508467,607.9786458,0.7990609241,0.8437693128,0.8484709318,0.7119466533,7.131188725
306.JPG,2.618606639,179.9598346,0.6668846122,0.9739587514,0.9746486795,0.9485956493,1.685324755
307.JPG,3.201980607,42.44393382,0.7420891741,0.9823533187,0.9831177466,0.9650180428,0.6888786765
308.JPG,35.80293628,623.5313419,0.8565061999,0.7758331044,0.7859598608,0.6019170058,7.95122549
309.JPG,0.2996637918,1.763051471,0.2895986288,0.9977788551,0.9978509289,0.9955626437,0.05281862745
31.JPG,17.31995117,557.2068934,0.821952739,0.8517806497,0.857313226,0.7255302752,6.466053922
310.JPG,8.156776422,400.5895833,0.7321165538,0.9061460138,0.9092358565,0.8211005983,4.663357843
311.JPG,5.356727478,237.5428922,0.7366147649,0.9507512865,0.9520477008,0.9039280088,2.606556373
312.JPG,59.92487848,1114.153707,0.8826603436,0.7194791888,0.7341271274,0.5176503031,11.11792279
313.JPG,1.304841649,61.06124387,0.6625722889,0.9866576298,0.9871309573,0.9734932784,0.7019914216
314.JPG,19.84666986,448.6928922,0.8717680214,0.8013074416,0.811606842,0.6420936159,6.225919118
315.JPG,62.81160062,811.7186734,0.8946785097,0.7110696995,0.7290411314,0.5056201175,9.371369485
316.JPG,22.89415301,571.9559436,0.7769233005,0.7961185708,0.8030653331,0.6338047788,8.006770833
317.JPG,0.2297928217,5.373866422,0.6000902781,0.9983456035,0.9983798764,0.9966939441,0.07637867647
318.JPG,8.031857451,268.0535233,0.7642359164,0.9464164215,0.9479443166,0.8957040429,2.834221814
319.JPG,79.28069295,786.4204044,0.9163149407,0.6708594238,0.6925142303,0.4500523665,9.754411765
32.JPG,6.181533646,306.5166667,0.7807014457,0.9448078972,0.946415287,0.8926619626,3.030882353
320.JPG,9.145873887,302.481587,0.8356517826,0.9120116198,0.915899937,0.8317651947,3.707935049
321.JPG,77.81937295,624.7796875,0.9417202755,0.6631011011,0.6914485194,0.4397030703,7.878645833
322.JPG,37.85636652,1150.850245,0.7929897869,0.7110723216,0.7195633208,0.5056238465,13.28517157
323.JPG,6.966127127,236.2515931,0.7876490138,0.932201289,0.9343036259,0.8689992432,3.045067402
324.JPG,96.70091743,489.6206189,0.9621638609,0.4644948578,0.5187501219,0.2157554729,9.529044118
325.JPG,13.95232816,543.3288603,0.7755390872,0.8599327107,0.8688887405,0.7394842669,6.046047794
326.JPG,3.728426396,247.4779718,0.6980043601,0.9529268915,0.9539785405,0.9080696605,2.68560049
327.JPG,33.72542765,720.0182904,0.8763149961,0.845975106,0.8561287978,0.71567388,6.321078431
328.JPG,0.2961598766,11.55726103,0.3606120128,0.9968291035,0.9968796907,0.9936682616,0.1751531863
329.JPG,12.27859502,490.4166513,0.7959644472,0.9099585031,0.9124941289,0.8280244774,4.829335172
33.JPG,24.64802167,798.5823529,0.8605406333,0.7153908768,0.7294775324,0.5117841067,10.00220588
330.JPG,0.03832151753,2.197273284,0.415918463,0.9997089477,0.9997251114,0.9994179802,0.01966911765
331.JPG,6.196759646,446.317065,0.6854358907,0.9228432351,0.9245886341,0.8516396366,4.688848039
332.JPG,5.388554888,289.3409314,0.8106771231,0.9481623676,0.9499391148,0.8990118753,2.710876225
333.JPG,7.826384142,299.1332414,0.784249806,0.9474424668,0.9488475641,0.8976472279,2.897610294
334.JPG,13.25475102,671.4157169,0.8506938935,0.8407814499,0.8461027445,0.7069134465,7.107506127
335.JPG,2.378972379,74.19650735,0.6636843276,0.9788147064,0.979542294,0.9580782295,0.9688419118
336.JPG,23.3081834,727.132935,0.7986475608,0.8206242366,0.8263798176,0.6734241377,8.278829657
337.JPG,97.98456418,569.1648591,0.9522075903,0.464310463,0.5250142311,0.2155842061,9.801133578
338.JPG,73.90419826,637.1856924,0.9279941089,0.666478716,0.691076063,0.4441938788,8.416605392
339.JPG,4.164194213,141.6402267,0.7514895474,0.9698686024,0.9708962558,0.9406451059,1.505422794
34.JPG,5.89740025,388.8202819,0.7528980977,0.9346521064,0.9367005125,0.8735745599,3.725153186
340.JPG,99.63517236,705.0757506,0.9338655422,0.3979265674,0.4328417337,0.158345553,14.18383885
341.JPG,17.57091799,551.1354167,0.777538799,0.8147900387,0.8206642977,0.6638828072,7.520772059
342.JPG,9.998905429,459.4373928,0.7804957612,0.8996651235,0.9029130983,0.8093973344,4.899188113
343.JPG,3.682671285,178.0030637,0.8125380026,0.9635113684,0.9647277904,0.9283541571,1.828247549
344.JPG,0.5806919913,36.17156863,0.3468892767,0.9928769884,0.9929623591,0.985804714,0.4603553922
345.JPG,7.180212014,309.4640625,0.7127548431,0.9320940336,0.9336638427,0.8687992875,3.549816176
346.JPG,0.1036009167,3.942830882,0.4829621189,0.99918812,0.9992282803,0.9983768992,0.04960171569
347.JPG,31.59278738,1027.587837,0.8530090773,0.6922563932,0.7016015926,0.4792189139,12.64632353
348.JPG,3.949706622,115.8811887,0.7669936684,0.9717681848,0.9728925117,0.944333405,1.338082108
349.JPG,6.590675351,318.0482843,0.8091967831,0.9301482843,0.932277679,0.8651758308,3.403553922
35.JPG,5.041111077,305.0122549,0.6681680389,0.9475200202,0.9485246813,0.8977941887,3.242310049
350.JPG,74.99625543,596.3352635,0.9046050931,0.715284697,0.741747782,0.5116321978,7.427542892
351.JPG,33.79039743,752.6425551,0.874356339,0.8454228944,0.8527190156,0.7147398703,6.926439951
352.JPG,17.23632813,646.504565,0.7901750548,0.8471709486,0.8517323302,0.7176986162,7.310508578
353.JPG,75.28652045,690.9879289,0.9214022256,0.6365315491,0.6603835275,0.4051724131,9.833210784
354.JPG,54.40210751,422.2149816,0.9169582951,0.7365618926,0.7608008207,0.5425234216,5.964522059
355.JPG,11.33803874,458.0922794,0.7689837955,0.8630403637,0.8670175312,0.7448386694,6.027818627
356.JPG,23.67410831,1065.294056,0.7797044538,0.7803235333,0.785925319,0.6089048166,11.33023897
357.JPG,4.42795596,163.8932598,0.7813988359,0.9621636236,0.9638628346,0.9257588386,1.759681373
358.JPG,21.38156725,691.5363971,0.7845431178,0.8184033287,0.8237092282,0.6697840084,8.158180147
359.JPG,39.22917207,550.9806832,0.8558812554,0.8067298943,0.8138699023,0.6508131224,7.357000613
36.JPG,3.909191884,214.4846507,0.7131673877,0.9557147329,0.9570662674,0.9133906506,2.393719363
360.JPG,2.189302211,190.3077512,0.6011445311,0.9722739995,0.9727639664,0.9453167301,1.887254902
361.JPG,8.066107548,259.5734988,0.8084300053,0.9262112452,0.9284055407,0.8578672707,3.236151961
362.JPG,21.29739431,790.248223,0.8027368001,0.7930969644,0.8000467058,0.6290027949,9.034160539
363.JPG,16.44303662,644.304473,0.7567333437,0.8618004519,0.8654606564,0.742700019,7.126531863
364.JPG,14.36674917,468.560386,0.7716584526,0.8542483932,0.8585584174,0.7297403172,6.214613971
365.JPG,8.516014235,311.9345588,0.7844608353,0.9452825424,0.946610106,0.893559085,3.04096201
366.JPG,11.3353515,348.5928615,0.8368358938,0.912838024,0.9159774165,0.8332732581,3.790441176
367.JPG,13.83476114,552.3687653,0.7498278613,0.8552294351,0.8600672553,0.7314173866,6.636871936
368.JPG,10.8073951,382.9851103,0.7902033363,0.9050725082,0.9078942217,0.819156245,4.506954657
369.JPG,9.551712368,338.7656863,0.8206905795,0.9278809307,0.9305760046,0.8609630215,3.45189951
37.JPG,98.30641214,714.4796262,0.9529481981,0.4894409966,0.5493141685,0.2395524891,9.353737745
370.JPG,94.23067448,937.1265625,0.8879133687,0.6186586006,0.6432640452,0.3827384641,11.65778186
371.JPG,5.285617587,200.5898897,0.7358240117,0.9580889995,0.9593375212,0.9179345309,2.233302696
372.JPG,1.420193779,103.9505821,0.6193026985,0.9838850833,0.9840885849,0.9680298572,1.083854167
373.JPG,22.52782789,581.5549326,0.8502942342,0.873363314,0.878242777,0.7627634783,5.726623775
374.JPG,2.855457227,152.7804534,0.7034095895,0.9731162335,0.9741492087,0.9469552039,1.512408088
375.JPG,8.47062933,413.5021752,0.7839306942,0.9199157513,0.9222114813,0.8462449894,4.214828431
376.JPG,2.355880299,117.7462316,0.8197900564,0.9669733671,0.9687075961,0.9350374927,1.337071078
377.JPG,2.461010605,111.3459559,0.72477911,0.9788758754,0.9793626724,0.9581979795,1.199142157
378.JPG,19.2701486,499.4891238,0.8502102892,0.8774072469,0.8839183638,0.769843477,4.913541667
379.JPG,3.219466542,181.0108762,0.7467561052,0.9686891889,0.9696894185,0.9383587447,1.770557598
38.JPG,11.14618058,436.9108762,0.7553370041,0.92000792,0.9222913555,0.8464145728,4.404901961
380.JPG,48.09182629,765.7171569,0.8917322991,0.6689891311,0.6842579367,0.4475464576,10.81372549
381.JPG,49.36660755,922.0505821,0.8858856945,0.7234438275,0.7358140576,0.5233709716,10.54381127
382.JPG,89.84379605,890.8195159,0.9207690171,0.4881063125,0.5129643213,0.2382477723,14.16387868
383.JPG,16.68875522,480.5675858,0.8508982864,0.8654587739,0.8704243011,0.7490188893,5.639828431
384.JPG,9.060095018,477.3242034,0.710992455,0.9107256407,0.9130978672,0.8294211927,4.936764706
385.JPG,6.125158223,313.314277,0.7821599124,0.928586107,0.9306966772,0.8622721582,3.565196078
386.JPG,6.845337125,337.5804841,0.7762872057,0.9384353662,0.9397710333,0.8806609366,3.503033088
387.JPG,14.96334958,437.9078125,0.8145642143,0.8821563405,0.8868394117,0.7781998091,4.969515931
388.JPG,0.1032113474,1.902665441,0.2155347343,0.9990349365,0.9990671972,0.9980708043,0.03829656863
389.JPG,12.95287333,395.4052696,0.7775340071,0.9275746924,0.9295069319,0.8603948099,3.936703431
39.JPG,14.77435694,522.2547181,0.8170340252,0.8777906913,0.8825351191,0.7705164977,5.589797794
390.JPG,0.2176764435,4.473958333,0.8456953128,0.998560056,0.9986157246,0.9971221855,0.06090686275
391.JPG,9.155640431,438.2195772,0.788049604,0.8816203863,0.8856700863,0.7772545056,5.194056373
392.JPG,32.86479491,830.9548713,0.8613433455,0.7846856159,0.7932666386,0.6157315159,8.749693627
393.JPG,6.254286961,246.1794424,0.8029431956,0.9460178688,0.9483233701,0.894949808,2.45379902
394.JPG,8.308572986,423.2852022,0.6998575043,0.9139739449,0.9158650157,0.8353483719,4.783884804
395.JPG,15.64224744,453.0964461,0.8359961256,0.8481955402,0.8534170724,0.7194356744,6.083241422
396.JPG,2.557434991,195.570864,0.7033834604,0.9691794656,0.9698826786,0.9393088365,1.893903186
397.JPG,80.23429998,945.515962,0.9150160024,0.5671442043,0.5912797361,0.3216525484,12.84047181
398.JPG,37.27865018,1106.132062,0.8535680086,0.8291566937,0.8379268096,0.6875008227,8.724004289
399.JPG,1.650606709,73.17144608,0.6360265067,0.9857844708,0.9860241658,0.9717710229,0.8221813725
4.JPG,16.3733571,614.0447304,0.8135670497,0.8135330459,0.8203315635,0.6618360168,7.703155637
40.JPG,40.69661504,416.6905637,0.8289731849,0.8782048106,0.8847842334,0.7712436893,4.767463235
400.JPG,6.548110123,288.0262561,0.7207868262,0.9397071571,0.9413232937,0.8830495411,3.181862745
401.JPG,40.11468675,639.0862439,0.8800281158,0.7908127581,0.7995422537,0.6253848184,7.891758578
402.JPG,63.68442456,1164.850429,0.8516714641,0.5387902599,0.555123477,0.2902949441,16.52637868
403.JPG,99.53749822,758.8810049,0.9284395865,0.534317306,0.5597882051,0.2854949835,12.64047181
404.JPG,75.53060145,703.0605699,0.9219896083,0.6491973031,0.6690379589,0.4214571383,9.776439951
405.JPG,55.4921928,1166.571446,0.8770571625,0.744369562,0.7561044267,0.5540860448,10.72316176
406.JPG,19.44767152,594.6059743,0.8463904256,0.8645394261,0.8681598636,0.7474284192,6.558272059
407.JPG,23.07223505,835.8033395,0.8125125302,0.826200454,0.8327125778,0.6826071903,8.391268382
408.JPG,1.940981537,87.62123162,0.621791365,0.9827514415,0.9829925853,0.9658003958,1.017126225
409.JPG,19.47119533,575.0794424,0.8098299509,0.8201950903,0.8273800826,0.6727199861,7.160845588
41.JPG,3.373149394,170.9866728,0.7968768527,0.9707111209,0.9716267093,0.9422800803,1.597671569
410.JPG,16.15934627,478.8307598,0.8155044755,0.8566975031,0.8611402228,0.7339306119,6.021660539
411.JPG,3.018120375,150.8181985,0.7433060932,0.9721511352,0.9729223979,0.9450778297,1.531832108
412.JPG,95.58069128,1087.462377,0.9125289945,0.508603174,0.5437021058,0.2586771886,13.06507353
413.JPG,19.18759838,576.0040441,0.802619128,0.8390666909,0.8445209121,0.7040329118,6.926409314
414.JPG,64.23248882,747.6344363,0.8819450229,0.6275559869,0.645543039,0.3938265168,11.16007966
415.JPG,0.0195672835,0.3515318627,0.6080876296,0.9998468144,0.9998546998,0.9996936523,0.00631127451
416.JPG,48.91123151,672.0893689,0.8900354818,0.7809325455,0.7924729797,0.6098556406,7.598406863
417.JPG,99.25291625,919.8606924,0.9374186239,0.6137429165,0.6411135661,0.3766803675,10.3588848
418.JPG,3.131383879,150.0367647,0.7922229357,0.9618725157,0.9634046148,0.9251987365,1.71372549
419.JPG,2.617588021,169.1695772,0.6799543505,0.9691182019,0.9698985087,0.9391900892,1.806188725
42.JPG,58.43261275,871.1357537,0.9025703373,0.7082813437,0.7269382466,0.5016624618,9.424877451
420.JPG,4.604046405,198.323223,0.7781849217,0.9531869622,0.9545349231,0.9085653848,2.29286152
421.JPG,22.39488409,675.8500613,0.8528941658,0.8311619225,0.8380360355,0.6908301415,7.142432598
422.JPG,14.53175112,603.3742647,0.7988392596,0.8937520324,0.8974094254,0.7987926954,5.524724265
423.JPG,3.769852484,169.7310968,0.801359444,0.9544735762,0.956096568,0.9110198077,2.001501225
424.JPG,16.43101277,384.745098,0.7407366362,0.8777945962,0.8826925112,0.7705233531,5.053216912
425.JPG,3.716137319,199.9753983,0.8211467833,0.9560512655,0.9572824679,0.9140340223,2.269761029
426.JPG,5.735253462,301.1056679,0.723788825,0.9422198557,0.944060655,0.8877782565,3.178125
427.JPG,0.05112474438,1.823805147,0.2314495912,0.9994944888,0.9995028212,0.9989892331,0.0253370098
428.JPG,50.86569379,789.2636029,0.835381524,0.8172690123,0.8265837103,0.6679286385,7.88125
429.JPG,13.56941508,395.6276654,0.8741888312,0.8772688899,0.8816751361,0.7696007051,4.820281863
43.JPG,48.75100046,833.2793199,0.8815855766,0.7414122391,0.7526781049,0.5496921083,9.827328431
430.JPG,5.08403829,234.4926164,0.8142597252,0.9395381379,0.9424862746,0.8827319126,2.623897059
431.JPG,3.211049789,186.6840993,0.6886336432,0.9676783855,0.9686561054,0.9364014578,1.903370098
432.JPG,5.552950005,227.4268382,0.7979189151,0.9530030528,0.9549587417,0.9082148186,2.221507353
433.JPG,8.544750906,366.9840993,0.7832470368,0.9331352002,0.9350228456,0.8707413019,3.566758578
434.JPG,66.03945534,1066.064522,0.8716972469,0.6349542168,0.6493379043,0.4031668574,13.38786765
435.JPG,5.134579119,322.6537071,0.6414601758,0.9455593973,0.9468576173,0.8940825738,3.37778799
436.JPG,5.270202443,194.3875919,0.8126949558,0.9510575905,0.9530470302,0.9045105405,2.129136029
437.JPG,0.303152789,8.518995098,0.6787686725,0.9981158209,0.99819562,0.996235192,0.09656862745
438.JPG,3.941702551,242.0326593,0.8092038373,0.9491732921,0.9503940572,0.9009299384,2.696139706
439.JPG,17.63993541,470.7336703,0.8434015357,0.8952835089,0.9001880472,0.8015325613,4.543351716
44.JPG,12.60806274,463.2386949,0.7976876128,0.8820647136,0.8853259631,0.778038159,5.551256127
440.JPG,0.05319777752,1.621599265,0.03991109425,0.9994791717,0.9994814456,0.9989586147,0.02322303922
441.JPG,2.80753499,208.2939032,0.6977912233,0.9692253812,0.9698995934,0.9393978395,2.007506127
442.JPG,24.3828598,912.6679228,0.8160297445,0.7535167955,0.761466018,0.5677875611,10.63704044
443.JPG,67.08917454,761.6946998,0.9166732148,0.712002878,0.7288633922,0.5069480983,9.25189951
444.JPG,18.23051607,746.3772672,0.794519103,0.8255266793,0.8314398469,0.6814942982,8.133915441
445.JPG,57.36630188,796.8908088,0.9036367355,0.7648648518,0.777725242,0.5850182416,8.215900735
446.JPG,16.19695628,558.0791054,0.8267212083,0.8621201297,0.8671559116,0.743251118,6.056648284
447.JPG,41.39499037,731.5448836,0.8941242222,0.796971037,0.8056145047,0.6351628337,7.762316176
448.JPG,1.309437207,21.35318627,0.3487225543,0.9893998024,0.9896259872,0.978911969,0.3845588235
449.JPG,3.596187175,176.5545956,0.7666697584,0.9553469914,0.9571520874,0.9126878739,2.018229167
45.JPG,31.59689797,597.4485294,0.9007531507,0.850110093,0.8579546612,0.7226871701,5.765134804
450.JPG,92.70166453,1222.442463,0.9162359048,0.510952623,0.5446111509,0.2610725829,13.83033088
451.JPG,92.67572596,1074.674816,0.9280636839,0.5641141756,0.5923633046,0.3182248032,12.29178922
452.JPG,32.94514099,798.246201,0.7617496599,0.7296106015,0.7389479577,0.5323316298,10.70447304
453.JPG,8.722921097,417.3412684,0.7608632661,0.9084429802,0.9105955694,0.8252686483,4.744546569
454.JPG,5.211223293,274.6651042,0.8027948254,0.9505673741,0.9521005098,0.9035783327,2.671997549
455.JPG,33.77119496,713.4652574,0.846657002,0.7594747583,0.7684379589,0.5768019085,9.286519608
456.JPG,20.43875428,347.8206801,0.9019334727,0.857707791,0.8664565618,0.7356626548,4.50848652
457.JPG,8.226904376,367.5206189,0.789177978,0.9279425563,0.9299297522,0.8610773878,3.776470588
458.JPG,0.4082308159,42.60704657,0.485110345,0.9955270121,0.9956226601,0.9910740317,0.3742340686
459.JPG,2.276738968,183.8101409,0.6743504479,0.9711708994,0.9718184507,0.9431729158,1.801930147
46.JPG,43.07255897,783.4809743,0.8365280648,0.7857595491,0.7935968832,0.617418069,9.094791667
460.JPG,11.57617656,395.5347426,0.8357507934,0.8886356535,0.8923566135,0.7896733246,4.690839461
461.JPG,24.21261023,589.1683824,0.8353106752,0.8195820149,0.8270350924,0.6717146791,7.115839461
462.JPG,2.543838721,150.9870711,0.6523623664,0.9749545488,0.9756106922,0.9505363722,1.564552696
47.JPG,63.00514125,998.0364583,0.8816237135,0.5666231063,0.5849984812,0.3210617446,14.26216299
48.JPG,2.106327909,152.3259191,0.6706413644,0.9788299956,0.9792487928,0.9581081603,1.441145833
49.JPG,5.798138869,338.243413,0.7220546029,0.9438585574,0.9451834719,0.8908689764,3.378982843
5.JPG,77.27130424,817.435723,0.9034975459,0.5597888057,0.5804900521,0.313363507,12.90818015
50.JPG,9.141767324,345.2359069,0.8038607701,0.9117051496,0.9142038194,0.8312062797,3.978094363
51.JPG,99.11078992,695.9448836,0.9429610776,0.4636716634,0.5037029664,0.2149914114,11.67693015
52.JPG,4.592027093,301.6450674,0.6547097822,0.9498484434,0.9508391572,0.9022120654,3.128431373
53.JPG,20.07648867,619.3342525,0.7921361106,0.8497442088,0.8548667732,0.7220652204,7.041268382
54.JPG,3.8370333,265.6662071,0.7554513768,0.9498020481,0.9515943495,0.9021239305,2.722886029
55.JPG,65.27383082,1023.759957,0.8959585729,0.5464793638,0.5688860308,0.2986396951,13.89457721
56.JPG,13.31772148,591.1381127,0.8009022613,0.905271682,0.9084050434,0.8195168182,5.325275735
57.JPG,1.561099844,90.53082108,0.7319223624,0.9816485859,0.9824566403,0.9636339463,0.9711703431
58.JPG,43.933763,859.023315,0.8810484207,0.8047984628,0.8144349329,0.6477005657,7.959068627
59.JPG,9.099468693,276.8354779,0.80410538,0.9419125447,0.9437265125,0.8871992418,2.893535539
6.JPG,6.987616431,290.7495098,0.7745536278,0.9357394358,0.9378819495,0.8756082917,3.2078125
60.JPG,1.576813335,62.21706495,0.6988913813,0.9857078487,0.9860195039,0.971619963,0.7366421569
61.JPG,5.501023726,267.9287071,0.7488639495,0.9524056662,0.9535467169,0.9070765531,2.742922794
62.JPG,59.16266301,804.9784007,0.9067819113,0.730186203,0.7490443023,0.5331718911,8.536488971
63.JPG,6.376042699,239.3526654,0.8179827257,0.9488822338,0.9508230792,0.9003774936,2.375367647
64.JPG,46.83381767,496.4582108,0.8786031069,0.8554710747,0.8621295392,0.7318307596,5.517555147
65.JPG,0.009258402,0.6430759804,-4.42E-05,0.9999080889,0.9999081041,0.9998161863,0.007536764706
66.JPG,6.121271563,219.5769608,0.7957745331,0.944823132,0.9463938335,0.8926907507,2.582107843
67.JPG,86.31365542,964.2332414,0.9135005389,0.4805405571,0.5124541373,0.230919227,14.13106618
68.JPG,3.436770103,107.1592831,0.7684627376,0.9730701878,0.9741218867,0.9468655905,1.243045343
69.JPG,1.813763777,78.70061275,0.6179034915,0.9844824173,0.9848649757,0.9692056299,0.8935355392
7.JPG,97.3970817,1090.57765,0.8911562213,0.5608087393,0.586201325,0.3145064421,13.8654565
70.JPG,9.632719333,419.3941483,0.7667351073,0.9051641334,0.907898927,0.8193221084,4.684865196
71.JPG,7.21501154,255.6165748,0.8064346774,0.9405644849,0.942722718,0.8846615503,2.771599265
72.JPG,10.6872575,344.644761,0.7678062162,0.9217386833,0.9240033736,0.8496022003,3.796507353
73.JPG,68.9950379,601.0127145,0.9237046683,0.7518753039,0.7667864716,0.5653164726,7.391360294
74.JPG,11.06710098,354.1660233,0.8813574048,0.8702530823,0.8760710532,0.7573404272,4.663939951
75.JPG,26.28314318,803.9718137,0.8620265546,0.8338573405,0.840329981,0.6953180643,7.587561275
76.JPG,32.86368159,1113.182659,0.8279995416,0.7122794375,0.7207869556,0.5073419971,12.87775735
77.JPG,10.48995935,485.0398591,0.7575270434,0.9017794299,0.9044696957,0.8132061402,5.122028186
78.JPG,8.260840912,285.2907782,0.8085924316,0.9387416852,0.940965878,0.8812359516,2.930637255
79.JPG,18.50857667,501.1644608,0.8524742251,0.889416405,0.8936591639,0.7910615415,4.958394608
8.JPG,65.91274029,808.7893689,0.9151265234,0.6912328687,0.7128771855,0.4778028788,9.265134804
80.JPG,10.61147916,320.554565,0.8894046631,0.8740364726,0.8797176688,0.7639397555,4.160784314
81.JPG,99.6320389,677.6436275,0.9295398947,0.4825040789,0.514044783,0.2328101861,12.42686887
82.JPG,10.87716207,343.3999694,0.848306317,0.9005836485,0.90611367,0.8110509079,3.78213848
83.JPG,4.987075747,228.7683211,0.7472976111,0.9552243756,0.9562064259,0.9124536078,2.495067402
84.JPG,37.63584817,438.9461091,0.8410997478,0.8975353007,0.9025659762,0.8055696161,4.389491422
85.JPG,5.909750952,307.2041973,0.812981948,0.9371484857,0.9395844903,0.8782472842,3.036642157
86.JPG,18.65353912,307.9350797,0.9206938736,0.8631607811,0.8742687907,0.745046534,3.857873775
87.JPG,89.23710477,796.6793811,0.908004384,0.5260483924,0.5524829637,0.2767269111,12.92469363
88.JPG,63.84656178,771.1829963,0.9187894815,0.6478236226,0.6792233214,0.419675446,9.507107843
89.JPG,13.26478611,417.4221507,0.7351574359,0.8729837789,0.8769808089,0.7621006783,5.501409314
9.JPG,25.65358905,621.0143382,0.813730639,0.7695249264,0.7785184685,0.5921686123,8.603094363
90.JPG,6.33472777,333.9198223,0.6736561574,0.9397231012,0.9411917417,0.8830795069,3.491789216
91.JPG,19.41565822,396.756924,0.8534127763,0.8642027913,0.8691372507,0.7468464645,5.227604167
92.JPG,9.648598484,346.4948836,0.7697195656,0.9180777592,0.9208833755,0.842866772,3.896568627
93.JPG,14.8107873,579.1033701,0.835466228,0.8890797483,0.8934569917,0.7904627988,5.247089461
94.JPG,10.94070696,442.5945772,0.7861684791,0.919211612,0.9236358313,0.8449499875,4.146568627
95.JPG,14.93751573,405.8185355,0.8521350564,0.8630996035,0.8674358023,0.7449409255,5.424816176
96.JPG,3.637888219,139.5253676,0.6986713263,0.974923721,0.9756130586,0.9504762617,1.431188725
97.JPG,40.48421808,745.1785539,0.8472344617,0.7427935161,0.7520567258,0.5517422076,9.850183824
98.JPG,17.44747822,686.223606,0.7620516703,0.8450580786,0.8493901072,0.7141231562,7.749586397
99.JPG,7.221159975,278.6427696,0.7645525922,0.9446240763,0.9465020169,0.8923146455,2.878982843